Gender,Title,GivenName,MiddleInitial,Surname,StreetAddress,City,ZipCode,Country,EmailAddress,Age,Company
female,Mrs.,Samantha,O,Conyers,231 Benmore Street,Invercargill Airport,9810,NZ,SamanthaConyers@armyspy.com,52,Pioneer Chicken
male,Mr.,Jordan,A,Parish,65 Woodward Street West,Rimutaka Hill,5710,NZ,JordanParish@einrot.com,30,K&G Distributors
male,Mr.,Jasper,L,Burhop,105 Tironui Terrace,Te Rapa Park,3200,NZ,JasperBurhop@rhyta.com,58,Network Air
female,Mrs.,Alannah,M,Collocott,115 Roberts Street,Taita,5011,NZ,AlannahCollocott@superrito.com,77,Golden's Distributors
male,Mr.,Tristan,S,Orchard,52 Lincoln Road,Hospital Hill,4110,NZ,TristanOrchard@fleckens.hu,60,Adapt
female,Mrs.,Zara,J,Selleck,51 Abingdon Place,Mission Bay,1071,NZ,ZaraSelleck@jourrapide.com,37,Monsource
male,Mr.,Finn,S,Singleton,188 Reeves Street,Nelson Airport,7011,NZ,FinnSingleton@cuvox.de,40,Frame Scene
female,Mrs.,Phoebe,L,Wemyss,247 Calabar Road,Karaka Bays,6022,NZ,PhoebeWemyss@rhyta.com,34,Cardinal Stores
male,Mr.,Anthony,E,McGrath,47 Molesworth Street,Vogeltown,4310,NZ,AnthonyMcGrath@teleworm.us,76,Highland Appliance
female,Ms.,Brooke,J,McCorkindale,180 Bertram Grove,Fairfield,5011,NZ,BrookeMcCorkindale@fleckens.hu,70,Xray Eye & Vision Clinics
female,Mrs.,Sienna,A,Warby,211 Birchwood Avenue,Yelverton,7201,NZ,SiennaWarby@teleworm.us,43,L' Fish
male,Mr.,Mitchell,S,Gurner,242 Seaforth Avenue,Roslyn,4414,NZ,MitchellGurner@armyspy.com,64,Red Robin Stores
female,Ms.,Charlotte,E,Paine,220 Abby Road,Hokowhitu,4410,NZ,CharlottePaine@dayrep.com,45,Gemco
female,Mrs.,Jorja,R,Gilruth,130 Hutcheson Street,Nelson South,7010,NZ,JorjaGilruth@jourrapide.com,83,Leo's Stereo
female,Mrs.,Alannah,C,Toll,145 Tuakiri Walk,Ruakaka,116,NZ,AlannahToll@rhyta.com,67,Home Centers
male,Mr.,Austin,A,Houghton,3 Newington Road,Sunnyvale,612,NZ,AustinHoughton@dayrep.com,29,Electronic Geek
female,Ms.,Isabella,P,Jamison,232 Parkers Road,Nelson Airport,7011,NZ,IsabellaJamison@fleckens.hu,85,Omni Architectural Designs
female,Ms.,Hayley,J,Chauvel,104 Stirrat Street,Strathern,9812,NZ,HayleyChauvel@rhyta.com,47,Destiny Planners
female,Mrs.,Isabella,J,Jarman,239 Massey Hall Overbridge,Hamilton Central,3204,NZ,IsabellaJarman@gustr.com,26,Vitagee
male,Mr.,Jackson,C,Kyte,60 Ballantrae Place,Chartwell,3210,NZ,JacksonKyte@rhyta.com,85,Jewel Mart
